{
  "project": {
    "version": "1.0.0-beta.17",
    "name": "testfire"
  },
  "apps": [
    {
      "root": "src",
      "outDir": "dist",
      "assets": "assets",
      "index": "index.html",
      "main": "main.ts",
      "test": "test.ts",
      "tsconfig": "tsconfig.json",
      "prefix": "app",
      "mobile": false,
      "styles": [
        "../node_modules/primeng/resources/themes/omega/theme.css",
        "../node_modules/primeng/resources/primeng.min.css",
        "styles.css"
      ],
      "scripts": [
        "../node_modules/tinymce/tinymce.js",
        "../node_modules/tinymce/themes/modern/theme.js",
        "../node_modules/tinymce/plugins/link/plugin.js",
        "../node_modules/tinymce/plugins/paste/plugin.js",
        "../node_modules/tinymce/plugins/table/plugin.js",
        "../node_modules/tinymce/plugins/code/plugin.js",
        "../node_modules/tinymce/plugins/image/plugin.js"
      ],
      "environments": {
        "source": "environments/environment.ts",
        "dev": "environments/environment.ts",
        "prod": "environments/environment.prod.ts"
      }
    }
  ],
  "addons": [],
  "packages": [],
  "e2e": {
    "protractor": {
      "config": "./protractor.conf.js"
    }
  },
  "test": {
    "karma": {
      "config": "./karma.conf.js"
    }
  },
  "defaults": {
    "styleExt": "css",
    "prefixInterfaces": false
  }
}
